location_id,location_name,parameter,value,unit,datetimeUtc,datetimeLocal,timezone,latitude,longitude,country_iso,isMobile,isMonitor,owner_name,provider
5630,"Shadipur, Delhi - CPCB","co",3.609,"ppb","2026-01-20T15:15:00Z","2026-01-20T20:45:00+05:30","Asia/Kolkata",28.6514781,77.1473105,,,,"Central Pollution Control Board","CPCB"
5630,"Shadipur, Delhi - CPCB","co",3.595,"ppb","2026-01-20T15:30:00Z","2026-01-20T21:00:00+05:30","Asia/Kolkata",28.6514781,77.1473105,,,,"Central Pollution Control Board","CPCB"
5630,"Shadipur, Delhi - CPCB","co",3.308,"ppb","2026-01-20T15:45:00Z","2026-01-20T21:15:00+05:30","Asia/Kolkata",28.6514781,77.1473105,,,,"Central Pollution Control Board","CPCB"
5630,"Shadipur, Delhi - CPCB","co",3.324,"ppb","2026-01-20T16:00:00Z","2026-01-20T21:30:00+05:30","Asia/Kolkata",28.6514781,77.1473105,,,,"Central Pollution Control Board","CPCB"
5630,"Shadipur, Delhi - CPCB","co",3.275,"ppb","2026-01-20T16:15:00Z","2026-01-20T21:45:00+05:30","Asia/Kolkata",28.6514781,77.1473105,,,,"Central Pollution Control Board","CPCB"
5630,"Shadipur, Delhi - CPCB","co",3.112,"ppb","2026-01-20T16:30:00Z","2026-01-20T22:00:00+05:30","Asia/Kolkata",28.6514781,77.1473105,,,,"Central Pollution Control Board","CPCB"
5630,"Shadipur, Delhi - CPCB","co",2.604,"ppb","2026-01-20T16:45:00Z","2026-01-20T22:15:00+05:30","Asia/Kolkata",28.6514781,77.1473105,,,,"Central Pollution Control Board","CPCB"
5630,"Shadipur, Delhi - CPCB","co",2.225,"ppb","2026-01-20T17:00:00Z","2026-01-20T22:30:00+05:30","Asia/Kolkata",28.6514781,77.1473105,,,,"Central Pollution Control Board","CPCB"
5630,"Shadipur, Delhi - CPCB","co",2.389,"ppb","2026-01-20T17:15:00Z","2026-01-20T22:45:00+05:30","Asia/Kolkata",28.6514781,77.1473105,,,,"Central Pollution Control Board","CPCB"
5630,"Shadipur, Delhi - CPCB","co",1.923,"ppb","2026-01-20T17:30:00Z","2026-01-20T23:00:00+05:30","Asia/Kolkata",28.6514781,77.1473105,,,,"Central Pollution Control Board","CPCB"
5630,"Shadipur, Delhi - CPCB","co",1.481,"ppb","2026-01-20T17:45:00Z","2026-01-20T23:15:00+05:30","Asia/Kolkata",28.6514781,77.1473105,,,,"Central Pollution Control Board","CPCB"
5630,"Shadipur, Delhi - CPCB","co",1.394,"ppb","2026-01-20T18:00:00Z","2026-01-20T23:30:00+05:30","Asia/Kolkata",28.6514781,77.1473105,,,,"Central Pollution Control Board","CPCB"
5630,"Shadipur, Delhi - CPCB","co",1.12,"ppb","2026-01-20T19:15:00Z","2026-01-21T00:45:00+05:30","Asia/Kolkata",28.6514781,77.1473105,,,,"Central Pollution Control Board","CPCB"
5630,"Shadipur, Delhi - CPCB","co",0.635,"ppb","2026-01-20T19:30:00Z","2026-01-21T01:00:00+05:30","Asia/Kolkata",28.6514781,77.1473105,,,,"Central Pollution Control Board","CPCB"
5630,"Shadipur, Delhi - CPCB","co",1.655,"ppb","2026-01-20T19:45:00Z","2026-01-21T01:15:00+05:30","Asia/Kolkata",28.6514781,77.1473105,,,,"Central Pollution Control Board","CPCB"
5630,"Shadipur, Delhi - CPCB","co",1.716,"ppb","2026-01-20T20:00:00Z","2026-01-21T01:30:00+05:30","Asia/Kolkata",28.6514781,77.1473105,,,,"Central Pollution Control Board","CPCB"
5630,"Shadipur, Delhi - CPCB","co",0,"ppb","2026-01-20T20:30:00Z","2026-01-21T02:00:00+05:30","Asia/Kolkata",28.6514781,77.1473105,,,,"Central Pollution Control Board","CPCB"
5630,"Shadipur, Delhi - CPCB","co",1.567,"ppb","2026-01-20T20:45:00Z","2026-01-21T02:15:00+05:30","Asia/Kolkata",28.6514781,77.1473105,,,,"Central Pollution Control Board","CPCB"
5630,"Shadipur, Delhi - CPCB","co",1.543,"ppb","2026-01-20T21:00:00Z","2026-01-21T02:30:00+05:30","Asia/Kolkata",28.6514781,77.1473105,,,,"Central Pollution Control Board","CPCB"
5630,"Shadipur, Delhi - CPCB","co",1.665,"ppb","2026-01-20T21:15:00Z","2026-01-21T02:45:00+05:30","Asia/Kolkata",28.6514781,77.1473105,,,,"Central Pollution Control Board","CPCB"
5630,"Shadipur, Delhi - CPCB","co",1.724,"ppb","2026-01-20T21:30:00Z","2026-01-21T03:00:00+05:30","Asia/Kolkata",28.6514781,77.1473105,,,,"Central Pollution Control Board","CPCB"
5630,"Shadipur, Delhi - CPCB","co",2.043,"ppb","2026-01-20T21:45:00Z","2026-01-21T03:15:00+05:30","Asia/Kolkata",28.6514781,77.1473105,,,,"Central Pollution Control Board","CPCB"
5630,"Shadipur, Delhi - CPCB","co",2.183,"ppb","2026-01-20T22:00:00Z","2026-01-21T03:30:00+05:30","Asia/Kolkata",28.6514781,77.1473105,,,,"Central Pollution Control Board","CPCB"
5630,"Shadipur, Delhi - CPCB","co",2.245,"ppb","2026-01-20T22:15:00Z","2026-01-21T03:45:00+05:30","Asia/Kolkata",28.6514781,77.1473105,,,,"Central Pollution Control Board","CPCB"
5630,"Shadipur, Delhi - CPCB","co",2.326,"ppb","2026-01-20T22:30:00Z","2026-01-21T04:00:00+05:30","Asia/Kolkata",28.6514781,77.1473105,,,,"Central Pollution Control Board","CPCB"
5630,"Shadipur, Delhi - CPCB","co",2.055,"ppb","2026-01-20T22:45:00Z","2026-01-21T04:15:00+05:30","Asia/Kolkata",28.6514781,77.1473105,,,,"Central Pollution Control Board","CPCB"
5630,"Shadipur, Delhi - CPCB","co",1.759,"ppb","2026-01-20T23:00:00Z","2026-01-21T04:30:00+05:30","Asia/Kolkata",28.6514781,77.1473105,,,,"Central Pollution Control Board","CPCB"
5630,"Shadipur, Delhi - CPCB","co",1.551,"ppb","2026-01-20T23:15:00Z","2026-01-21T04:45:00+05:30","Asia/Kolkata",28.6514781,77.1473105,,,,"Central Pollution Control Board","CPCB"
5630,"Shadipur, Delhi - CPCB","co",1.478,"ppb","2026-01-20T23:30:00Z","2026-01-21T05:00:00+05:30","Asia/Kolkata",28.6514781,77.1473105,,,,"Central Pollution Control Board","CPCB"
5630,"Shadipur, Delhi - CPCB","co",1.461,"ppb","2026-01-21T00:00:00Z","2026-01-21T05:30:00+05:30","Asia/Kolkata",28.6514781,77.1473105,,,,"Central Pollution Control Board","CPCB"
5630,"Shadipur, Delhi - CPCB","no",18.04,"ppb","2026-01-20T15:15:00Z","2026-01-20T20:45:00+05:30","Asia/Kolkata",28.6514781,77.1473105,,,,"Central Pollution Control Board","CPCB"
5630,"Shadipur, Delhi - CPCB","no",21.18,"ppb","2026-01-20T15:30:00Z","2026-01-20T21:00:00+05:30","Asia/Kolkata",28.6514781,77.1473105,,,,"Central Pollution Control Board","CPCB"
5630,"Shadipur, Delhi - CPCB","no",16.69,"ppb","2026-01-20T15:45:00Z","2026-01-20T21:15:00+05:30","Asia/Kolkata",28.6514781,77.1473105,,,,"Central Pollution Control Board","CPCB"
5630,"Shadipur, Delhi - CPCB","no",18.65,"ppb","2026-01-20T16:00:00Z","2026-01-20T21:30:00+05:30","Asia/Kolkata",28.6514781,77.1473105,,,,"Central Pollution Control Board","CPCB"
5630,"Shadipur, Delhi - CPCB","no",29.07,"ppb","2026-01-20T16:15:00Z","2026-01-20T21:45:00+05:30","Asia/Kolkata",28.6514781,77.1473105,,,,"Central Pollution Control Board","CPCB"
5630,"Shadipur, Delhi - CPCB","no",24.47,"ppb","2026-01-20T16:30:00Z","2026-01-20T22:00:00+05:30","Asia/Kolkata",28.6514781,77.1473105,,,,"Central Pollution Control Board","CPCB"
5630,"Shadipur, Delhi - CPCB","no",25.1,"ppb","2026-01-20T16:45:00Z","2026-01-20T22:15:00+05:30","Asia/Kolkata",28.6514781,77.1473105,,,,"Central Pollution Control Board","CPCB"
5630,"Shadipur, Delhi - CPCB","no",22.07,"ppb","2026-01-20T17:00:00Z","2026-01-20T22:30:00+05:30","Asia/Kolkata",28.6514781,77.1473105,,,,"Central Pollution Control Board","CPCB"
5630,"Shadipur, Delhi - CPCB","no",18.82,"ppb","2026-01-20T17:15:00Z","2026-01-20T22:45:00+05:30","Asia/Kolkata",28.6514781,77.1473105,,,,"Central Pollution Control Board","CPCB"
5630,"Shadipur, Delhi - CPCB","no",12.24,"ppb","2026-01-20T17:30:00Z","2026-01-20T23:00:00+05:30","Asia/Kolkata",28.6514781,77.1473105,,,,"Central Pollution Control Board","CPCB"
5630,"Shadipur, Delhi - CPCB","no",12.57,"ppb","2026-01-20T17:45:00Z","2026-01-20T23:15:00+05:30","Asia/Kolkata",28.6514781,77.1473105,,,,"Central Pollution Control Board","CPCB"
5630,"Shadipur, Delhi - CPCB","no",10.23,"ppb","2026-01-20T18:00:00Z","2026-01-20T23:30:00+05:30","Asia/Kolkata",28.6514781,77.1473105,,,,"Central Pollution Control Board","CPCB"
5630,"Shadipur, Delhi - CPCB","no",14.03,"ppb","2026-01-20T19:15:00Z","2026-01-21T00:45:00+05:30","Asia/Kolkata",28.6514781,77.1473105,,,,"Central Pollution Control Board","CPCB"
5630,"Shadipur, Delhi - CPCB","no",12.53,"ppb","2026-01-20T19:30:00Z","2026-01-21T01:00:00+05:30","Asia/Kolkata",28.6514781,77.1473105,,,,"Central Pollution Control Board","CPCB"
5630,"Shadipur, Delhi - CPCB","no",11.89,"ppb","2026-01-20T19:45:00Z","2026-01-21T01:15:00+05:30","Asia/Kolkata",28.6514781,77.1473105,,,,"Central Pollution Control Board","CPCB"
5630,"Shadipur, Delhi - CPCB","no",12.31,"ppb","2026-01-20T20:00:00Z","2026-01-21T01:30:00+05:30","Asia/Kolkata",28.6514781,77.1473105,,,,"Central Pollution Control Board","CPCB"
5630,"Shadipur, Delhi - CPCB","no",0,"ppb","2026-01-20T20:30:00Z","2026-01-21T02:00:00+05:30","Asia/Kolkata",28.6514781,77.1473105,,,,"Central Pollution Control Board","CPCB"
5630,"Shadipur, Delhi - CPCB","no",11.8,"ppb","2026-01-20T20:45:00Z","2026-01-21T02:15:00+05:30","Asia/Kolkata",28.6514781,77.1473105,,,,"Central Pollution Control Board","CPCB"
5630,"Shadipur, Delhi - CPCB","no",16.59,"ppb","2026-01-20T21:00:00Z","2026-01-21T02:30:00+05:30","Asia/Kolkata",28.6514781,77.1473105,,,,"Central Pollution Control Board","CPCB"
5630,"Shadipur, Delhi - CPCB","no",20.84,"ppb","2026-01-20T21:15:00Z","2026-01-21T02:45:00+05:30","Asia/Kolkata",28.6514781,77.1473105,,,,"Central Pollution Control Board","CPCB"
5630,"Shadipur, Delhi - CPCB","no",19.12,"ppb","2026-01-20T21:30:00Z","2026-01-21T03:00:00+05:30","Asia/Kolkata",28.6514781,77.1473105,,,,"Central Pollution Control Board","CPCB"
5630,"Shadipur, Delhi - CPCB","no",23.56,"ppb","2026-01-20T21:45:00Z","2026-01-21T03:15:00+05:30","Asia/Kolkata",28.6514781,77.1473105,,,,"Central Pollution Control Board","CPCB"
5630,"Shadipur, Delhi - CPCB","no",23.75,"ppb","2026-01-20T22:00:00Z","2026-01-21T03:30:00+05:30","Asia/Kolkata",28.6514781,77.1473105,,,,"Central Pollution Control Board","CPCB"
5630,"Shadipur, Delhi - CPCB","no",29.37,"ppb","2026-01-20T22:15:00Z","2026-01-21T03:45:00+05:30","Asia/Kolkata",28.6514781,77.1473105,,,,"Central Pollution Control Board","CPCB"
5630,"Shadipur, Delhi - CPCB","no",29.87,"ppb","2026-01-20T22:30:00Z","2026-01-21T04:00:00+05:30","Asia/Kolkata",28.6514781,77.1473105,,,,"Central Pollution Control Board","CPCB"
5630,"Shadipur, Delhi - CPCB","no",25.23,"ppb","2026-01-20T22:45:00Z","2026-01-21T04:15:00+05:30","Asia/Kolkata",28.6514781,77.1473105,,,,"Central Pollution Control Board","CPCB"
5630,"Shadipur, Delhi - CPCB","no",23.92,"ppb","2026-01-20T23:00:00Z","2026-01-21T04:30:00+05:30","Asia/Kolkata",28.6514781,77.1473105,,,,"Central Pollution Control Board","CPCB"
5630,"Shadipur, Delhi - CPCB","no",25.26,"ppb","2026-01-20T23:15:00Z","2026-01-21T04:45:00+05:30","Asia/Kolkata",28.6514781,77.1473105,,,,"Central Pollution Control Board","CPCB"
5630,"Shadipur, Delhi - CPCB","no",24.17,"ppb","2026-01-20T23:30:00Z","2026-01-21T05:00:00+05:30","Asia/Kolkata",28.6514781,77.1473105,,,,"Central Pollution Control Board","CPCB"
5630,"Shadipur, Delhi - CPCB","no",19.33,"ppb","2026-01-21T00:00:00Z","2026-01-21T05:30:00+05:30","Asia/Kolkata",28.6514781,77.1473105,,,,"Central Pollution Control Board","CPCB"
5630,"Shadipur, Delhi - CPCB","no2",85.34,"ppb","2026-01-20T15:15:00Z","2026-01-20T20:45:00+05:30","Asia/Kolkata",28.6514781,77.1473105,,,,"Central Pollution Control Board","CPCB"
5630,"Shadipur, Delhi - CPCB","no2",88.44,"ppb","2026-01-20T15:30:00Z","2026-01-20T21:00:00+05:30","Asia/Kolkata",28.6514781,77.1473105,,,,"Central Pollution Control Board","CPCB"
5630,"Shadipur, Delhi - CPCB","no2",83.37,"ppb","2026-01-20T15:45:00Z","2026-01-20T21:15:00+05:30","Asia/Kolkata",28.6514781,77.1473105,,,,"Central Pollution Control Board","CPCB"
5630,"Shadipur, Delhi - CPCB","no2",90.44,"ppb","2026-01-20T16:00:00Z","2026-01-20T21:30:00+05:30","Asia/Kolkata",28.6514781,77.1473105,,,,"Central Pollution Control Board","CPCB"
5630,"Shadipur, Delhi - CPCB","no2",114.37,"ppb","2026-01-20T16:15:00Z","2026-01-20T21:45:00+05:30","Asia/Kolkata",28.6514781,77.1473105,,,,"Central Pollution Control Board","CPCB"
5630,"Shadipur, Delhi - CPCB","no2",101.26,"ppb","2026-01-20T16:30:00Z","2026-01-20T22:00:00+05:30","Asia/Kolkata",28.6514781,77.1473105,,,,"Central Pollution Control Board","CPCB"
5630,"Shadipur, Delhi - CPCB","no2",104.38,"ppb","2026-01-20T16:45:00Z","2026-01-20T22:15:00+05:30","Asia/Kolkata",28.6514781,77.1473105,,,,"Central Pollution Control Board","CPCB"
5630,"Shadipur, Delhi - CPCB","no2",90.71,"ppb","2026-01-20T17:00:00Z","2026-01-20T22:30:00+05:30","Asia/Kolkata",28.6514781,77.1473105,,,,"Central Pollution Control Board","CPCB"
5630,"Shadipur, Delhi - CPCB","no2",92.58,"ppb","2026-01-20T17:15:00Z","2026-01-20T22:45:00+05:30","Asia/Kolkata",28.6514781,77.1473105,,,,"Central Pollution Control Board","CPCB"
5630,"Shadipur, Delhi - CPCB","no2",72.62,"ppb","2026-01-20T17:30:00Z","2026-01-20T23:00:00+05:30","Asia/Kolkata",28.6514781,77.1473105,,,,"Central Pollution Control Board","CPCB"
5630,"Shadipur, Delhi - CPCB","no2",66.24,"ppb","2026-01-20T17:45:00Z","2026-01-20T23:15:00+05:30","Asia/Kolkata",28.6514781,77.1473105,,,,"Central Pollution Control Board","CPCB"
5630,"Shadipur, Delhi - CPCB","no2",61.4,"ppb","2026-01-20T18:00:00Z","2026-01-20T23:30:00+05:30","Asia/Kolkata",28.6514781,77.1473105,,,,"Central Pollution Control Board","CPCB"
5630,"Shadipur, Delhi - CPCB","no2",70.07,"ppb","2026-01-20T19:15:00Z","2026-01-21T00:45:00+05:30","Asia/Kolkata",28.6514781,77.1473105,,,,"Central Pollution Control Board","CPCB"
5630,"Shadipur, Delhi - CPCB","no2",62.43,"ppb","2026-01-20T19:30:00Z","2026-01-21T01:00:00+05:30","Asia/Kolkata",28.6514781,77.1473105,,,,"Central Pollution Control Board","CPCB"
5630,"Shadipur, Delhi - CPCB","no2",59.07,"ppb","2026-01-20T19:45:00Z","2026-01-21T01:15:00+05:30","Asia/Kolkata",28.6514781,77.1473105,,,,"Central Pollution Control Board","CPCB"
5630,"Shadipur, Delhi - CPCB","no2",65.87,"ppb","2026-01-20T20:00:00Z","2026-01-21T01:30:00+05:30","Asia/Kolkata",28.6514781,77.1473105,,,,"Central Pollution Control Board","CPCB"
5630,"Shadipur, Delhi - CPCB","no2",0,"ppb","2026-01-20T20:30:00Z","2026-01-21T02:00:00+05:30","Asia/Kolkata",28.6514781,77.1473105,,,,"Central Pollution Control Board","CPCB"
5630,"Shadipur, Delhi - CPCB","no2",63.87,"ppb","2026-01-20T20:45:00Z","2026-01-21T02:15:00+05:30","Asia/Kolkata",28.6514781,77.1473105,,,,"Central Pollution Control Board","CPCB"
5630,"Shadipur, Delhi - CPCB","no2",79.76,"ppb","2026-01-20T21:00:00Z","2026-01-21T02:30:00+05:30","Asia/Kolkata",28.6514781,77.1473105,,,,"Central Pollution Control Board","CPCB"
5630,"Shadipur, Delhi - CPCB","no2",83.02,"ppb","2026-01-20T21:15:00Z","2026-01-21T02:45:00+05:30","Asia/Kolkata",28.6514781,77.1473105,,,,"Central Pollution Control Board","CPCB"
5630,"Shadipur, Delhi - CPCB","no2",83.48,"ppb","2026-01-20T21:30:00Z","2026-01-21T03:00:00+05:30","Asia/Kolkata",28.6514781,77.1473105,,,,"Central Pollution Control Board","CPCB"
5630,"Shadipur, Delhi - CPCB","no2",97.81,"ppb","2026-01-20T21:45:00Z","2026-01-21T03:15:00+05:30","Asia/Kolkata",28.6514781,77.1473105,,,,"Central Pollution Control Board","CPCB"
5630,"Shadipur, Delhi - CPCB","no2",96.53,"ppb","2026-01-20T22:00:00Z","2026-01-21T03:30:00+05:30","Asia/Kolkata",28.6514781,77.1473105,,,,"Central Pollution Control Board","CPCB"
5630,"Shadipur, Delhi - CPCB","no2",113.14,"ppb","2026-01-20T22:15:00Z","2026-01-21T03:45:00+05:30","Asia/Kolkata",28.6514781,77.1473105,,,,"Central Pollution Control Board","CPCB"
5630,"Shadipur, Delhi - CPCB","no2",116.05,"ppb","2026-01-20T22:30:00Z","2026-01-21T04:00:00+05:30","Asia/Kolkata",28.6514781,77.1473105,,,,"Central Pollution Control Board","CPCB"
5630,"Shadipur, Delhi - CPCB","no2",104.75,"ppb","2026-01-20T22:45:00Z","2026-01-21T04:15:00+05:30","Asia/Kolkata",28.6514781,77.1473105,,,,"Central Pollution Control Board","CPCB"
5630,"Shadipur, Delhi - CPCB","no2",96.03,"ppb","2026-01-20T23:00:00Z","2026-01-21T04:30:00+05:30","Asia/Kolkata",28.6514781,77.1473105,,,,"Central Pollution Control Board","CPCB"
5630,"Shadipur, Delhi - CPCB","no2",99.23,"ppb","2026-01-20T23:15:00Z","2026-01-21T04:45:00+05:30","Asia/Kolkata",28.6514781,77.1473105,,,,"Central Pollution Control Board","CPCB"
5630,"Shadipur, Delhi - CPCB","no2",98.68,"ppb","2026-01-20T23:30:00Z","2026-01-21T05:00:00+05:30","Asia/Kolkata",28.6514781,77.1473105,,,,"Central Pollution Control Board","CPCB"
5630,"Shadipur, Delhi - CPCB","no2",85.49,"ppb","2026-01-21T00:00:00Z","2026-01-21T05:30:00+05:30","Asia/Kolkata",28.6514781,77.1473105,,,,"Central Pollution Control Board","CPCB"
5630,"Shadipur, Delhi - CPCB","o3",16.29,"µg/m³","2026-01-20T15:15:00Z","2026-01-20T20:45:00+05:30","Asia/Kolkata",28.6514781,77.1473105,,,,"Central Pollution Control Board","CPCB"
5630,"Shadipur, Delhi - CPCB","o3",14.02,"µg/m³","2026-01-20T15:30:00Z","2026-01-20T21:00:00+05:30","Asia/Kolkata",28.6514781,77.1473105,,,,"Central Pollution Control Board","CPCB"
5630,"Shadipur, Delhi - CPCB","o3",13.66,"µg/m³","2026-01-20T15:45:00Z","2026-01-20T21:15:00+05:30","Asia/Kolkata",28.6514781,77.1473105,,,,"Central Pollution Control Board","CPCB"
5630,"Shadipur, Delhi - CPCB","o3",22.82,"µg/m³","2026-01-20T16:00:00Z","2026-01-20T21:30:00+05:30","Asia/Kolkata",28.6514781,77.1473105,,,,"Central Pollution Control Board","CPCB"
5630,"Shadipur, Delhi - CPCB","o3",13.27,"µg/m³","2026-01-20T16:15:00Z","2026-01-20T21:45:00+05:30","Asia/Kolkata",28.6514781,77.1473105,,,,"Central Pollution Control Board","CPCB"
5630,"Shadipur, Delhi - CPCB","o3",16.57,"µg/m³","2026-01-20T16:30:00Z","2026-01-20T22:00:00+05:30","Asia/Kolkata",28.6514781,77.1473105,,,,"Central Pollution Control Board","CPCB"
5630,"Shadipur, Delhi - CPCB","o3",19.14,"µg/m³","2026-01-20T16:45:00Z","2026-01-20T22:15:00+05:30","Asia/Kolkata",28.6514781,77.1473105,,,,"Central Pollution Control Board","CPCB"
5630,"Shadipur, Delhi - CPCB","o3",27.87,"µg/m³","2026-01-20T17:00:00Z","2026-01-20T22:30:00+05:30","Asia/Kolkata",28.6514781,77.1473105,,,,"Central Pollution Control Board","CPCB"
5630,"Shadipur, Delhi - CPCB","o3",21.27,"µg/m³","2026-01-20T17:15:00Z","2026-01-20T22:45:00+05:30","Asia/Kolkata",28.6514781,77.1473105,,,,"Central Pollution Control Board","CPCB"
5630,"Shadipur, Delhi - CPCB","o3",21.66,"µg/m³","2026-01-20T17:30:00Z","2026-01-20T23:00:00+05:30","Asia/Kolkata",28.6514781,77.1473105,,,,"Central Pollution Control Board","CPCB"
5630,"Shadipur, Delhi - CPCB","o3",20.37,"µg/m³","2026-01-20T17:45:00Z","2026-01-20T23:15:00+05:30","Asia/Kolkata",28.6514781,77.1473105,,,,"Central Pollution Control Board","CPCB"
5630,"Shadipur, Delhi - CPCB","o3",19.48,"µg/m³","2026-01-20T18:00:00Z","2026-01-20T23:30:00+05:30","Asia/Kolkata",28.6514781,77.1473105,,,,"Central Pollution Control Board","CPCB"
5630,"Shadipur, Delhi - CPCB","o3",12.63,"µg/m³","2026-01-20T19:15:00Z","2026-01-21T00:45:00+05:30","Asia/Kolkata",28.6514781,77.1473105,,,,"Central Pollution Control Board","CPCB"
5630,"Shadipur, Delhi - CPCB","o3",13.28,"µg/m³","2026-01-20T19:30:00Z","2026-01-21T01:00:00+05:30","Asia/Kolkata",28.6514781,77.1473105,,,,"Central Pollution Control Board","CPCB"
5630,"Shadipur, Delhi - CPCB","o3",12.46,"µg/m³","2026-01-20T19:45:00Z","2026-01-21T01:15:00+05:30","Asia/Kolkata",28.6514781,77.1473105,,,,"Central Pollution Control Board","CPCB"
5630,"Shadipur, Delhi - CPCB","o3",14.68,"µg/m³","2026-01-20T20:00:00Z","2026-01-21T01:30:00+05:30","Asia/Kolkata",28.6514781,77.1473105,,,,"Central Pollution Control Board","CPCB"
5630,"Shadipur, Delhi - CPCB","o3",0,"µg/m³","2026-01-20T20:30:00Z","2026-01-21T02:00:00+05:30","Asia/Kolkata",28.6514781,77.1473105,,,,"Central Pollution Control Board","CPCB"
5630,"Shadipur, Delhi - CPCB","o3",17.12,"µg/m³","2026-01-20T20:45:00Z","2026-01-21T02:15:00+05:30","Asia/Kolkata",28.6514781,77.1473105,,,,"Central Pollution Control Board","CPCB"
5630,"Shadipur, Delhi - CPCB","o3",14.05,"µg/m³","2026-01-20T21:00:00Z","2026-01-21T02:30:00+05:30","Asia/Kolkata",28.6514781,77.1473105,,,,"Central Pollution Control Board","CPCB"
5630,"Shadipur, Delhi - CPCB","o3",13.81,"µg/m³","2026-01-20T21:15:00Z","2026-01-21T02:45:00+05:30","Asia/Kolkata",28.6514781,77.1473105,,,,"Central Pollution Control Board","CPCB"
5630,"Shadipur, Delhi - CPCB","o3",17.37,"µg/m³","2026-01-20T21:30:00Z","2026-01-21T03:00:00+05:30","Asia/Kolkata",28.6514781,77.1473105,,,,"Central Pollution Control Board","CPCB"
5630,"Shadipur, Delhi - CPCB","o3",16.13,"µg/m³","2026-01-20T21:45:00Z","2026-01-21T03:15:00+05:30","Asia/Kolkata",28.6514781,77.1473105,,,,"Central Pollution Control Board","CPCB"
5630,"Shadipur, Delhi - CPCB","o3",15.49,"µg/m³","2026-01-20T22:00:00Z","2026-01-21T03:30:00+05:30","Asia/Kolkata",28.6514781,77.1473105,,,,"Central Pollution Control Board","CPCB"
5630,"Shadipur, Delhi - CPCB","o3",13.7,"µg/m³","2026-01-20T22:15:00Z","2026-01-21T03:45:00+05:30","Asia/Kolkata",28.6514781,77.1473105,,,,"Central Pollution Control Board","CPCB"
5630,"Shadipur, Delhi - CPCB","o3",19.8,"µg/m³","2026-01-20T22:30:00Z","2026-01-21T04:00:00+05:30","Asia/Kolkata",28.6514781,77.1473105,,,,"Central Pollution Control Board","CPCB"
5630,"Shadipur, Delhi - CPCB","o3",16.75,"µg/m³","2026-01-20T22:45:00Z","2026-01-21T04:15:00+05:30","Asia/Kolkata",28.6514781,77.1473105,,,,"Central Pollution Control Board","CPCB"
5630,"Shadipur, Delhi - CPCB","o3",17.79,"µg/m³","2026-01-20T23:00:00Z","2026-01-21T04:30:00+05:30","Asia/Kolkata",28.6514781,77.1473105,,,,"Central Pollution Control Board","CPCB"
5630,"Shadipur, Delhi - CPCB","o3",20.51,"µg/m³","2026-01-20T23:15:00Z","2026-01-21T04:45:00+05:30","Asia/Kolkata",28.6514781,77.1473105,,,,"Central Pollution Control Board","CPCB"
5630,"Shadipur, Delhi - CPCB","o3",20.49,"µg/m³","2026-01-20T23:30:00Z","2026-01-21T05:00:00+05:30","Asia/Kolkata",28.6514781,77.1473105,,,,"Central Pollution Control Board","CPCB"
5630,"Shadipur, Delhi - CPCB","o3",14.07,"µg/m³","2026-01-21T00:00:00Z","2026-01-21T05:30:00+05:30","Asia/Kolkata",28.6514781,77.1473105,,,,"Central Pollution Control Board","CPCB"
5630,"Shadipur, Delhi - CPCB","pm10",663.5,"µg/m³","2026-01-20T15:15:00Z","2026-01-20T20:45:00+05:30","Asia/Kolkata",28.6514781,77.1473105,,,,"Central Pollution Control Board","CPCB"
5630,"Shadipur, Delhi - CPCB","pm10",690.9,"µg/m³","2026-01-20T15:30:00Z","2026-01-20T21:00:00+05:30","Asia/Kolkata",28.6514781,77.1473105,,,,"Central Pollution Control Board","CPCB"
5630,"Shadipur, Delhi - CPCB","pm10",690.9,"µg/m³","2026-01-20T15:45:00Z","2026-01-20T21:15:00+05:30","Asia/Kolkata",28.6514781,77.1473105,,,,"Central Pollution Control Board","CPCB"
5630,"Shadipur, Delhi - CPCB","pm10",690.9,"µg/m³","2026-01-20T16:00:00Z","2026-01-20T21:30:00+05:30","Asia/Kolkata",28.6514781,77.1473105,,,,"Central Pollution Control Board","CPCB"
5630,"Shadipur, Delhi - CPCB","pm10",684.8,"µg/m³","2026-01-20T16:15:00Z","2026-01-20T21:45:00+05:30","Asia/Kolkata",28.6514781,77.1473105,,,,"Central Pollution Control Board","CPCB"
5630,"Shadipur, Delhi - CPCB","pm10",554.9,"µg/m³","2026-01-20T16:30:00Z","2026-01-20T22:00:00+05:30","Asia/Kolkata",28.6514781,77.1473105,,,,"Central Pollution Control Board","CPCB"
5630,"Shadipur, Delhi - CPCB","pm10",554.9,"µg/m³","2026-01-20T16:45:00Z","2026-01-20T22:15:00+05:30","Asia/Kolkata",28.6514781,77.1473105,,,,"Central Pollution Control Board","CPCB"
5630,"Shadipur, Delhi - CPCB","pm10",554.9,"µg/m³","2026-01-20T17:00:00Z","2026-01-20T22:30:00+05:30","Asia/Kolkata",28.6514781,77.1473105,,,,"Central Pollution Control Board","CPCB"
5630,"Shadipur, Delhi - CPCB","pm10",551.9,"µg/m³","2026-01-20T17:15:00Z","2026-01-20T22:45:00+05:30","Asia/Kolkata",28.6514781,77.1473105,,,,"Central Pollution Control Board","CPCB"
5630,"Shadipur, Delhi - CPCB","pm10",487.5,"µg/m³","2026-01-20T17:30:00Z","2026-01-20T23:00:00+05:30","Asia/Kolkata",28.6514781,77.1473105,,,,"Central Pollution Control Board","CPCB"
5630,"Shadipur, Delhi - CPCB","pm10",487.5,"µg/m³","2026-01-20T17:45:00Z","2026-01-20T23:15:00+05:30","Asia/Kolkata",28.6514781,77.1473105,,,,"Central Pollution Control Board","CPCB"
5630,"Shadipur, Delhi - CPCB","pm10",487.5,"µg/m³","2026-01-20T18:00:00Z","2026-01-20T23:30:00+05:30","Asia/Kolkata",28.6514781,77.1473105,,,,"Central Pollution Control Board","CPCB"
5630,"Shadipur, Delhi - CPCB","pm10",236.8,"µg/m³","2026-01-20T19:15:00Z","2026-01-21T00:45:00+05:30","Asia/Kolkata",28.6514781,77.1473105,,,,"Central Pollution Control Board","CPCB"
5630,"Shadipur, Delhi - CPCB","pm10",305,"µg/m³","2026-01-20T19:30:00Z","2026-01-21T01:00:00+05:30","Asia/Kolkata",28.6514781,77.1473105,,,,"Central Pollution Control Board","CPCB"
5630,"Shadipur, Delhi - CPCB","pm10",305,"µg/m³","2026-01-20T19:45:00Z","2026-01-21T01:15:00+05:30","Asia/Kolkata",28.6514781,77.1473105,,,,"Central Pollution Control Board","CPCB"
5630,"Shadipur, Delhi - CPCB","pm10",305,"µg/m³","2026-01-20T20:00:00Z","2026-01-21T01:30:00+05:30","Asia/Kolkata",28.6514781,77.1473105,,,,"Central Pollution Control Board","CPCB"
5630,"Shadipur, Delhi - CPCB","pm10",0,"µg/m³","2026-01-20T20:30:00Z","2026-01-21T02:00:00+05:30","Asia/Kolkata",28.6514781,77.1473105,,,,"Central Pollution Control Board","CPCB"
5630,"Shadipur, Delhi - CPCB","pm10",228.4,"µg/m³","2026-01-20T20:45:00Z","2026-01-21T02:15:00+05:30","Asia/Kolkata",28.6514781,77.1473105,,,,"Central Pollution Control Board","CPCB"
5630,"Shadipur, Delhi - CPCB","pm10",228.4,"µg/m³","2026-01-20T21:00:00Z","2026-01-21T02:30:00+05:30","Asia/Kolkata",28.6514781,77.1473105,,,,"Central Pollution Control Board","CPCB"
5630,"Shadipur, Delhi - CPCB","pm10",226.8,"µg/m³","2026-01-20T21:15:00Z","2026-01-21T02:45:00+05:30","Asia/Kolkata",28.6514781,77.1473105,,,,"Central Pollution Control Board","CPCB"
5630,"Shadipur, Delhi - CPCB","pm10",192.7,"µg/m³","2026-01-20T21:30:00Z","2026-01-21T03:00:00+05:30","Asia/Kolkata",28.6514781,77.1473105,,,,"Central Pollution Control Board","CPCB"
5630,"Shadipur, Delhi - CPCB","pm10",192.7,"µg/m³","2026-01-20T21:45:00Z","2026-01-21T03:15:00+05:30","Asia/Kolkata",28.6514781,77.1473105,,,,"Central Pollution Control Board","CPCB"
5630,"Shadipur, Delhi - CPCB","pm10",192.7,"µg/m³","2026-01-20T22:00:00Z","2026-01-21T03:30:00+05:30","Asia/Kolkata",28.6514781,77.1473105,,,,"Central Pollution Control Board","CPCB"
5630,"Shadipur, Delhi - CPCB","pm10",195.5,"µg/m³","2026-01-20T22:15:00Z","2026-01-21T03:45:00+05:30","Asia/Kolkata",28.6514781,77.1473105,,,,"Central Pollution Control Board","CPCB"
5630,"Shadipur, Delhi - CPCB","pm10",256.6,"µg/m³","2026-01-20T22:30:00Z","2026-01-21T04:00:00+05:30","Asia/Kolkata",28.6514781,77.1473105,,,,"Central Pollution Control Board","CPCB"
5630,"Shadipur, Delhi - CPCB","pm10",256.6,"µg/m³","2026-01-20T22:45:00Z","2026-01-21T04:15:00+05:30","Asia/Kolkata",28.6514781,77.1473105,,,,"Central Pollution Control Board","CPCB"
5630,"Shadipur, Delhi - CPCB","pm10",256.6,"µg/m³","2026-01-20T23:00:00Z","2026-01-21T04:30:00+05:30","Asia/Kolkata",28.6514781,77.1473105,,,,"Central Pollution Control Board","CPCB"
5630,"Shadipur, Delhi - CPCB","pm10",257.2,"µg/m³","2026-01-20T23:15:00Z","2026-01-21T04:45:00+05:30","Asia/Kolkata",28.6514781,77.1473105,,,,"Central Pollution Control Board","CPCB"
5630,"Shadipur, Delhi - CPCB","pm10",269.2,"µg/m³","2026-01-20T23:30:00Z","2026-01-21T05:00:00+05:30","Asia/Kolkata",28.6514781,77.1473105,,,,"Central Pollution Control Board","CPCB"
5630,"Shadipur, Delhi - CPCB","pm10",269.2,"µg/m³","2026-01-21T00:00:00Z","2026-01-21T05:30:00+05:30","Asia/Kolkata",28.6514781,77.1473105,,,,"Central Pollution Control Board","CPCB"
5630,"Shadipur, Delhi - CPCB","relativehumidity",99.29,"%","2026-01-20T15:15:00Z","2026-01-20T20:45:00+05:30","Asia/Kolkata",28.6514781,77.1473105,,,,"Central Pollution Control Board","CPCB"
5630,"Shadipur, Delhi - CPCB","relativehumidity",15.5,"%","2026-01-20T15:30:00Z","2026-01-20T21:00:00+05:30","Asia/Kolkata",28.6514781,77.1473105,,,,"Central Pollution Control Board","CPCB"
5630,"Shadipur, Delhi - CPCB","relativehumidity",15.5,"%","2026-01-20T15:45:00Z","2026-01-20T21:15:00+05:30","Asia/Kolkata",28.6514781,77.1473105,,,,"Central Pollution Control Board","CPCB"
5630,"Shadipur, Delhi - CPCB","relativehumidity",15.5,"%","2026-01-20T16:00:00Z","2026-01-20T21:30:00+05:30","Asia/Kolkata",28.6514781,77.1473105,,,,"Central Pollution Control Board","CPCB"
5630,"Shadipur, Delhi - CPCB","relativehumidity",15.51,"%","2026-01-20T16:15:00Z","2026-01-20T21:45:00+05:30","Asia/Kolkata",28.6514781,77.1473105,,,,"Central Pollution Control Board","CPCB"
5630,"Shadipur, Delhi - CPCB","relativehumidity",15.51,"%","2026-01-20T16:30:00Z","2026-01-20T22:00:00+05:30","Asia/Kolkata",28.6514781,77.1473105,,,,"Central Pollution Control Board","CPCB"
5630,"Shadipur, Delhi - CPCB","relativehumidity",15.51,"%","2026-01-20T16:45:00Z","2026-01-20T22:15:00+05:30","Asia/Kolkata",28.6514781,77.1473105,,,,"Central Pollution Control Board","CPCB"
5630,"Shadipur, Delhi - CPCB","relativehumidity",15.51,"%","2026-01-20T17:00:00Z","2026-01-20T22:30:00+05:30","Asia/Kolkata",28.6514781,77.1473105,,,,"Central Pollution Control Board","CPCB"
5630,"Shadipur, Delhi - CPCB","relativehumidity",15.51,"%","2026-01-20T17:15:00Z","2026-01-20T22:45:00+05:30","Asia/Kolkata",28.6514781,77.1473105,,,,"Central Pollution Control Board","CPCB"
5630,"Shadipur, Delhi - CPCB","relativehumidity",15.51,"%","2026-01-20T17:30:00Z","2026-01-20T23:00:00+05:30","Asia/Kolkata",28.6514781,77.1473105,,,,"Central Pollution Control Board","CPCB"
5630,"Shadipur, Delhi - CPCB","relativehumidity",15.51,"%","2026-01-20T17:45:00Z","2026-01-20T23:15:00+05:30","Asia/Kolkata",28.6514781,77.1473105,,,,"Central Pollution Control Board","CPCB"
5630,"Shadipur, Delhi - CPCB","relativehumidity",15.51,"%","2026-01-20T18:00:00Z","2026-01-20T23:30:00+05:30","Asia/Kolkata",28.6514781,77.1473105,,,,"Central Pollution Control Board","CPCB"
5630,"Shadipur, Delhi - CPCB","relativehumidity",15.51,"%","2026-01-20T19:15:00Z","2026-01-21T00:45:00+05:30","Asia/Kolkata",28.6514781,77.1473105,,,,"Central Pollution Control Board","CPCB"
5630,"Shadipur, Delhi - CPCB","relativehumidity",15.51,"%","2026-01-20T19:30:00Z","2026-01-21T01:00:00+05:30","Asia/Kolkata",28.6514781,77.1473105,,,,"Central Pollution Control Board","CPCB"
5630,"Shadipur, Delhi - CPCB","relativehumidity",15.51,"%","2026-01-20T19:45:00Z","2026-01-21T01:15:00+05:30","Asia/Kolkata",28.6514781,77.1473105,,,,"Central Pollution Control Board","CPCB"
5630,"Shadipur, Delhi - CPCB","relativehumidity",15.51,"%","2026-01-20T20:00:00Z","2026-01-21T01:30:00+05:30","Asia/Kolkata",28.6514781,77.1473105,,,,"Central Pollution Control Board","CPCB"
5630,"Shadipur, Delhi - CPCB","relativehumidity",0,"%","2026-01-20T20:30:00Z","2026-01-21T02:00:00+05:30","Asia/Kolkata",28.6514781,77.1473105,,,,"Central Pollution Control Board","CPCB"
5630,"Shadipur, Delhi - CPCB","relativehumidity",15.51,"%","2026-01-20T20:45:00Z","2026-01-21T02:15:00+05:30","Asia/Kolkata",28.6514781,77.1473105,,,,"Central Pollution Control Board","CPCB"
5630,"Shadipur, Delhi - CPCB","relativehumidity",15.51,"%","2026-01-20T21:00:00Z","2026-01-21T02:30:00+05:30","Asia/Kolkata",28.6514781,77.1473105,,,,"Central Pollution Control Board","CPCB"
5630,"Shadipur, Delhi - CPCB","relativehumidity",15.51,"%","2026-01-20T21:15:00Z","2026-01-21T02:45:00+05:30","Asia/Kolkata",28.6514781,77.1473105,,,,"Central Pollution Control Board","CPCB"
5630,"Shadipur, Delhi - CPCB","relativehumidity",15.51,"%","2026-01-20T21:30:00Z","2026-01-21T03:00:00+05:30","Asia/Kolkata",28.6514781,77.1473105,,,,"Central Pollution Control Board","CPCB"
5630,"Shadipur, Delhi - CPCB","relativehumidity",15.52,"%","2026-01-20T21:45:00Z","2026-01-21T03:15:00+05:30","Asia/Kolkata",28.6514781,77.1473105,,,,"Central Pollution Control Board","CPCB"
5630,"Shadipur, Delhi - CPCB","relativehumidity",15.52,"%","2026-01-20T22:00:00Z","2026-01-21T03:30:00+05:30","Asia/Kolkata",28.6514781,77.1473105,,,,"Central Pollution Control Board","CPCB"
5630,"Shadipur, Delhi - CPCB","relativehumidity",15.52,"%","2026-01-20T22:15:00Z","2026-01-21T03:45:00+05:30","Asia/Kolkata",28.6514781,77.1473105,,,,"Central Pollution Control Board","CPCB"
5630,"Shadipur, Delhi - CPCB","relativehumidity",15.52,"%","2026-01-20T22:30:00Z","2026-01-21T04:00:00+05:30","Asia/Kolkata",28.6514781,77.1473105,,,,"Central Pollution Control Board","CPCB"
5630,"Shadipur, Delhi - CPCB","relativehumidity",15.52,"%","2026-01-20T22:45:00Z","2026-01-21T04:15:00+05:30","Asia/Kolkata",28.6514781,77.1473105,,,,"Central Pollution Control Board","CPCB"
5630,"Shadipur, Delhi - CPCB","relativehumidity",15.52,"%","2026-01-20T23:00:00Z","2026-01-21T04:30:00+05:30","Asia/Kolkata",28.6514781,77.1473105,,,,"Central Pollution Control Board","CPCB"
5630,"Shadipur, Delhi - CPCB","relativehumidity",15.52,"%","2026-01-20T23:15:00Z","2026-01-21T04:45:00+05:30","Asia/Kolkata",28.6514781,77.1473105,,,,"Central Pollution Control Board","CPCB"
5630,"Shadipur, Delhi - CPCB","relativehumidity",15.52,"%","2026-01-20T23:30:00Z","2026-01-21T05:00:00+05:30","Asia/Kolkata",28.6514781,77.1473105,,,,"Central Pollution Control Board","CPCB"
5630,"Shadipur, Delhi - CPCB","relativehumidity",15.52,"%","2026-01-21T00:00:00Z","2026-01-21T05:30:00+05:30","Asia/Kolkata",28.6514781,77.1473105,,,,"Central Pollution Control Board","CPCB"
5630,"Shadipur, Delhi - CPCB","temperature",14.63,"c","2026-01-20T15:15:00Z","2026-01-20T20:45:00+05:30","Asia/Kolkata",28.6514781,77.1473105,,,,"Central Pollution Control Board","CPCB"
5630,"Shadipur, Delhi - CPCB","temperature",14.75,"c","2026-01-20T15:30:00Z","2026-01-20T21:00:00+05:30","Asia/Kolkata",28.6514781,77.1473105,,,,"Central Pollution Control Board","CPCB"
5630,"Shadipur, Delhi - CPCB","temperature",14.85,"c","2026-01-20T15:45:00Z","2026-01-20T21:15:00+05:30","Asia/Kolkata",28.6514781,77.1473105,,,,"Central Pollution Control Board","CPCB"
5630,"Shadipur, Delhi - CPCB","temperature",14.69,"c","2026-01-20T16:00:00Z","2026-01-20T21:30:00+05:30","Asia/Kolkata",28.6514781,77.1473105,,,,"Central Pollution Control Board","CPCB"
5630,"Shadipur, Delhi - CPCB","temperature",14.5,"c","2026-01-20T16:15:00Z","2026-01-20T21:45:00+05:30","Asia/Kolkata",28.6514781,77.1473105,,,,"Central Pollution Control Board","CPCB"
5630,"Shadipur, Delhi - CPCB","temperature",14.42,"c","2026-01-20T16:30:00Z","2026-01-20T22:00:00+05:30","Asia/Kolkata",28.6514781,77.1473105,,,,"Central Pollution Control Board","CPCB"
5630,"Shadipur, Delhi - CPCB","temperature",14.18,"c","2026-01-20T16:45:00Z","2026-01-20T22:15:00+05:30","Asia/Kolkata",28.6514781,77.1473105,,,,"Central Pollution Control Board","CPCB"
5630,"Shadipur, Delhi - CPCB","temperature",14.05,"c","2026-01-20T17:00:00Z","2026-01-20T22:30:00+05:30","Asia/Kolkata",28.6514781,77.1473105,,,,"Central Pollution Control Board","CPCB"
5630,"Shadipur, Delhi - CPCB","temperature",13.99,"c","2026-01-20T17:15:00Z","2026-01-20T22:45:00+05:30","Asia/Kolkata",28.6514781,77.1473105,,,,"Central Pollution Control Board","CPCB"
5630,"Shadipur, Delhi - CPCB","temperature",13.91,"c","2026-01-20T17:30:00Z","2026-01-20T23:00:00+05:30","Asia/Kolkata",28.6514781,77.1473105,,,,"Central Pollution Control Board","CPCB"
5630,"Shadipur, Delhi - CPCB","temperature",13.59,"c","2026-01-20T17:45:00Z","2026-01-20T23:15:00+05:30","Asia/Kolkata",28.6514781,77.1473105,,,,"Central Pollution Control Board","CPCB"
5630,"Shadipur, Delhi - CPCB","temperature",13.45,"c","2026-01-20T18:00:00Z","2026-01-20T23:30:00+05:30","Asia/Kolkata",28.6514781,77.1473105,,,,"Central Pollution Control Board","CPCB"
5630,"Shadipur, Delhi - CPCB","temperature",12.87,"c","2026-01-20T19:15:00Z","2026-01-21T00:45:00+05:30","Asia/Kolkata",28.6514781,77.1473105,,,,"Central Pollution Control Board","CPCB"
5630,"Shadipur, Delhi - CPCB","temperature",12.76,"c","2026-01-20T19:30:00Z","2026-01-21T01:00:00+05:30","Asia/Kolkata",28.6514781,77.1473105,,,,"Central Pollution Control Board","CPCB"
5630,"Shadipur, Delhi - CPCB","temperature",12.6,"c","2026-01-20T19:45:00Z","2026-01-21T01:15:00+05:30","Asia/Kolkata",28.6514781,77.1473105,,,,"Central Pollution Control Board","CPCB"
5630,"Shadipur, Delhi - CPCB","temperature",12.68,"c","2026-01-20T20:00:00Z","2026-01-21T01:30:00+05:30","Asia/Kolkata",28.6514781,77.1473105,,,,"Central Pollution Control Board","CPCB"
5630,"Shadipur, Delhi - CPCB","temperature",0,"c","2026-01-20T20:30:00Z","2026-01-21T02:00:00+05:30","Asia/Kolkata",28.6514781,77.1473105,,,,"Central Pollution Control Board","CPCB"
5630,"Shadipur, Delhi - CPCB","temperature",12.59,"c","2026-01-20T20:45:00Z","2026-01-21T02:15:00+05:30","Asia/Kolkata",28.6514781,77.1473105,,,,"Central Pollution Control Board","CPCB"
5630,"Shadipur, Delhi - CPCB","temperature",12.63,"c","2026-01-20T21:00:00Z","2026-01-21T02:30:00+05:30","Asia/Kolkata",28.6514781,77.1473105,,,,"Central Pollution Control Board","CPCB"
5630,"Shadipur, Delhi - CPCB","temperature",12.48,"c","2026-01-20T21:15:00Z","2026-01-21T02:45:00+05:30","Asia/Kolkata",28.6514781,77.1473105,,,,"Central Pollution Control Board","CPCB"
5630,"Shadipur, Delhi - CPCB","temperature",12.34,"c","2026-01-20T21:30:00Z","2026-01-21T03:00:00+05:30","Asia/Kolkata",28.6514781,77.1473105,,,,"Central Pollution Control Board","CPCB"
5630,"Shadipur, Delhi - CPCB","temperature",12.11,"c","2026-01-20T21:45:00Z","2026-01-21T03:15:00+05:30","Asia/Kolkata",28.6514781,77.1473105,,,,"Central Pollution Control Board","CPCB"
5630,"Shadipur, Delhi - CPCB","temperature",11.98,"c","2026-01-20T22:00:00Z","2026-01-21T03:30:00+05:30","Asia/Kolkata",28.6514781,77.1473105,,,,"Central Pollution Control Board","CPCB"
5630,"Shadipur, Delhi - CPCB","temperature",11.88,"c","2026-01-20T22:15:00Z","2026-01-21T03:45:00+05:30","Asia/Kolkata",28.6514781,77.1473105,,,,"Central Pollution Control Board","CPCB"
5630,"Shadipur, Delhi - CPCB","temperature",11.82,"c","2026-01-20T22:30:00Z","2026-01-21T04:00:00+05:30","Asia/Kolkata",28.6514781,77.1473105,,,,"Central Pollution Control Board","CPCB"
5630,"Shadipur, Delhi - CPCB","temperature",11.59,"c","2026-01-20T22:45:00Z","2026-01-21T04:15:00+05:30","Asia/Kolkata",28.6514781,77.1473105,,,,"Central Pollution Control Board","CPCB"
5630,"Shadipur, Delhi - CPCB","temperature",11.51,"c","2026-01-20T23:00:00Z","2026-01-21T04:30:00+05:30","Asia/Kolkata",28.6514781,77.1473105,,,,"Central Pollution Control Board","CPCB"
5630,"Shadipur, Delhi - CPCB","temperature",11.61,"c","2026-01-20T23:15:00Z","2026-01-21T04:45:00+05:30","Asia/Kolkata",28.6514781,77.1473105,,,,"Central Pollution Control Board","CPCB"
5630,"Shadipur, Delhi - CPCB","temperature",11.51,"c","2026-01-20T23:30:00Z","2026-01-21T05:00:00+05:30","Asia/Kolkata",28.6514781,77.1473105,,,,"Central Pollution Control Board","CPCB"
5630,"Shadipur, Delhi - CPCB","temperature",11.63,"c","2026-01-21T00:00:00Z","2026-01-21T05:30:00+05:30","Asia/Kolkata",28.6514781,77.1473105,,,,"Central Pollution Control Board","CPCB"
5630,"Shadipur, Delhi - CPCB","wind_speed",0.07,"m/s","2026-01-20T15:15:00Z","2026-01-20T20:45:00+05:30","Asia/Kolkata",28.6514781,77.1473105,,,,"Central Pollution Control Board","CPCB"
5630,"Shadipur, Delhi - CPCB","wind_speed",0.19,"m/s","2026-01-20T15:30:00Z","2026-01-20T21:00:00+05:30","Asia/Kolkata",28.6514781,77.1473105,,,,"Central Pollution Control Board","CPCB"
5630,"Shadipur, Delhi - CPCB","wind_speed",0.07,"m/s","2026-01-20T15:45:00Z","2026-01-20T21:15:00+05:30","Asia/Kolkata",28.6514781,77.1473105,,,,"Central Pollution Control Board","CPCB"
5630,"Shadipur, Delhi - CPCB","wind_speed",0.08,"m/s","2026-01-20T16:00:00Z","2026-01-20T21:30:00+05:30","Asia/Kolkata",28.6514781,77.1473105,,,,"Central Pollution Control Board","CPCB"
5630,"Shadipur, Delhi - CPCB","wind_speed",0.08,"m/s","2026-01-20T16:15:00Z","2026-01-20T21:45:00+05:30","Asia/Kolkata",28.6514781,77.1473105,,,,"Central Pollution Control Board","CPCB"
5630,"Shadipur, Delhi - CPCB","wind_speed",0.08,"m/s","2026-01-20T16:30:00Z","2026-01-20T22:00:00+05:30","Asia/Kolkata",28.6514781,77.1473105,,,,"Central Pollution Control Board","CPCB"
5630,"Shadipur, Delhi - CPCB","wind_speed",0.08,"m/s","2026-01-20T16:45:00Z","2026-01-20T22:15:00+05:30","Asia/Kolkata",28.6514781,77.1473105,,,,"Central Pollution Control Board","CPCB"
5630,"Shadipur, Delhi - CPCB","wind_speed",0.06,"m/s","2026-01-20T17:00:00Z","2026-01-20T22:30:00+05:30","Asia/Kolkata",28.6514781,77.1473105,,,,"Central Pollution Control Board","CPCB"
5630,"Shadipur, Delhi - CPCB","wind_speed",0.06,"m/s","2026-01-20T17:15:00Z","2026-01-20T22:45:00+05:30","Asia/Kolkata",28.6514781,77.1473105,,,,"Central Pollution Control Board","CPCB"
5630,"Shadipur, Delhi - CPCB","wind_speed",0.08,"m/s","2026-01-20T17:30:00Z","2026-01-20T23:00:00+05:30","Asia/Kolkata",28.6514781,77.1473105,,,,"Central Pollution Control Board","CPCB"
5630,"Shadipur, Delhi - CPCB","wind_speed",0.09,"m/s","2026-01-20T17:45:00Z","2026-01-20T23:15:00+05:30","Asia/Kolkata",28.6514781,77.1473105,,,,"Central Pollution Control Board","CPCB"
5630,"Shadipur, Delhi - CPCB","wind_speed",0.09,"m/s","2026-01-20T18:00:00Z","2026-01-20T23:30:00+05:30","Asia/Kolkata",28.6514781,77.1473105,,,,"Central Pollution Control Board","CPCB"
5630,"Shadipur, Delhi - CPCB","wind_speed",0.07,"m/s","2026-01-20T19:15:00Z","2026-01-21T00:45:00+05:30","Asia/Kolkata",28.6514781,77.1473105,,,,"Central Pollution Control Board","CPCB"
5630,"Shadipur, Delhi - CPCB","wind_speed",0.07,"m/s","2026-01-20T19:30:00Z","2026-01-21T01:00:00+05:30","Asia/Kolkata",28.6514781,77.1473105,,,,"Central Pollution Control Board","CPCB"
5630,"Shadipur, Delhi - CPCB","wind_speed",0.07,"m/s","2026-01-20T19:45:00Z","2026-01-21T01:15:00+05:30","Asia/Kolkata",28.6514781,77.1473105,,,,"Central Pollution Control Board","CPCB"
5630,"Shadipur, Delhi - CPCB","wind_speed",0.09,"m/s","2026-01-20T20:00:00Z","2026-01-21T01:30:00+05:30","Asia/Kolkata",28.6514781,77.1473105,,,,"Central Pollution Control Board","CPCB"
5630,"Shadipur, Delhi - CPCB","wind_speed",0,"m/s","2026-01-20T20:30:00Z","2026-01-21T02:00:00+05:30","Asia/Kolkata",28.6514781,77.1473105,,,,"Central Pollution Control Board","CPCB"
5630,"Shadipur, Delhi - CPCB","wind_speed",0.08,"m/s","2026-01-20T20:45:00Z","2026-01-21T02:15:00+05:30","Asia/Kolkata",28.6514781,77.1473105,,,,"Central Pollution Control Board","CPCB"
5630,"Shadipur, Delhi - CPCB","wind_speed",0.09,"m/s","2026-01-20T21:00:00Z","2026-01-21T02:30:00+05:30","Asia/Kolkata",28.6514781,77.1473105,,,,"Central Pollution Control Board","CPCB"
5630,"Shadipur, Delhi - CPCB","wind_speed",0.09,"m/s","2026-01-20T21:15:00Z","2026-01-21T02:45:00+05:30","Asia/Kolkata",28.6514781,77.1473105,,,,"Central Pollution Control Board","CPCB"
5630,"Shadipur, Delhi - CPCB","wind_speed",0.08,"m/s","2026-01-20T21:30:00Z","2026-01-21T03:00:00+05:30","Asia/Kolkata",28.6514781,77.1473105,,,,"Central Pollution Control Board","CPCB"
5630,"Shadipur, Delhi - CPCB","wind_speed",0.09,"m/s","2026-01-20T21:45:00Z","2026-01-21T03:15:00+05:30","Asia/Kolkata",28.6514781,77.1473105,,,,"Central Pollution Control Board","CPCB"
5630,"Shadipur, Delhi - CPCB","wind_speed",0.09,"m/s","2026-01-20T22:00:00Z","2026-01-21T03:30:00+05:30","Asia/Kolkata",28.6514781,77.1473105,,,,"Central Pollution Control Board","CPCB"
5630,"Shadipur, Delhi - CPCB","wind_speed",0.09,"m/s","2026-01-20T22:15:00Z","2026-01-21T03:45:00+05:30","Asia/Kolkata",28.6514781,77.1473105,,,,"Central Pollution Control Board","CPCB"
5630,"Shadipur, Delhi - CPCB","wind_speed",0.09,"m/s","2026-01-20T22:30:00Z","2026-01-21T04:00:00+05:30","Asia/Kolkata",28.6514781,77.1473105,,,,"Central Pollution Control Board","CPCB"
5630,"Shadipur, Delhi - CPCB","wind_speed",0.09,"m/s","2026-01-20T22:45:00Z","2026-01-21T04:15:00+05:30","Asia/Kolkata",28.6514781,77.1473105,,,,"Central Pollution Control Board","CPCB"
5630,"Shadipur, Delhi - CPCB","wind_speed",0.09,"m/s","2026-01-20T23:00:00Z","2026-01-21T04:30:00+05:30","Asia/Kolkata",28.6514781,77.1473105,,,,"Central Pollution Control Board","CPCB"
5630,"Shadipur, Delhi - CPCB","wind_speed",0.09,"m/s","2026-01-20T23:15:00Z","2026-01-21T04:45:00+05:30","Asia/Kolkata",28.6514781,77.1473105,,,,"Central Pollution Control Board","CPCB"
5630,"Shadipur, Delhi - CPCB","wind_speed",0.09,"m/s","2026-01-20T23:30:00Z","2026-01-21T05:00:00+05:30","Asia/Kolkata",28.6514781,77.1473105,,,,"Central Pollution Control Board","CPCB"
5630,"Shadipur, Delhi - CPCB","wind_speed",0.09,"m/s","2026-01-21T00:00:00Z","2026-01-21T05:30:00+05:30","Asia/Kolkata",28.6514781,77.1473105,,,,"Central Pollution Control Board","CPCB"